-- phpMyAdmin SQL Dump
-- version 5.2.1
-- https://www.phpmyadmin.net/
--
-- Hôte : 127.0.0.1
-- Généré le : jeu. 12 mars 2026 à 15:45
-- Version du serveur : 10.4.32-MariaDB
-- Version de PHP : 8.2.12

SET SQL_MODE = "NO_AUTO_VALUE_ON_ZERO";
START TRANSACTION;
SET time_zone = "+00:00";


/*!40101 SET @OLD_CHARACTER_SET_CLIENT=@@CHARACTER_SET_CLIENT */;
/*!40101 SET @OLD_CHARACTER_SET_RESULTS=@@CHARACTER_SET_RESULTS */;
/*!40101 SET @OLD_COLLATION_CONNECTION=@@COLLATION_CONNECTION */;
/*!40101 SET NAMES utf8mb4 */;

--
-- Base de données : `mancity_univers_stats`
--

-- --------------------------------------------------------

--
-- Structure de la table `matchs`
--

CREATE TABLE `matchs` (
  `id` int(11) NOT NULL,
  `opponent` varchar(150) NOT NULL,
  `competition` varchar(100) NOT NULL,
  `match_date` date NOT NULL,
  `home_away` enum('HOME','AWAY') NOT NULL,
  `goals_city` int(11) NOT NULL DEFAULT 0,
  `goals_opponent` int(11) NOT NULL DEFAULT 0,
  `youtube_url` varchar(255) DEFAULT NULL
) ENGINE=InnoDB DEFAULT CHARSET=utf8mb4 COLLATE=utf8mb4_unicode_ci;

--
-- Déchargement des données de la table `matchs`
--

INSERT INTO `matchs` (`id`, `opponent`, `competition`, `match_date`, `home_away`, `goals_city`, `goals_opponent`, `youtube_url`) VALUES
(1, 'Bournemouth', 'Premier League', '2025-08-16', 'HOME', 3, 0, NULL),
(2, 'Everton', 'Premier League', '2025-08-23', 'AWAY', 2, 1, NULL),
(3, 'Chelsea', 'Premier League', '2025-08-31', 'HOME', 3, 1, NULL),
(4, 'Leeds United', 'Premier League', '2025-09-13', 'AWAY', 2, 0, NULL),
(5, 'Arsenal', 'Premier League', '2025-09-20', 'HOME', 3, 1, NULL),
(6, 'Southampton', 'Premier League', '2025-09-27', 'AWAY', 4, 0, NULL),
(7, 'Liverpool', 'Premier League', '2025-10-04', 'HOME', 2, 1, NULL),
(8, 'Tottenham', 'Premier League', '2025-10-18', 'AWAY', 3, 0, NULL),
(9, 'Crystal Palace', 'Premier League', '2025-10-25', 'HOME', 4, 1, NULL),
(10, 'Wolves', 'Premier League', '2025-11-01', 'AWAY', 2, 0, NULL),
(11, 'Manchester United', 'Premier League', '2025-11-08', 'HOME', 3, 0, NULL),
(12, 'Newcastle', 'Premier League', '2025-11-15', 'AWAY', 1, 0, NULL),
(13, 'Brighton', 'Premier League', '2025-11-22', 'AWAY', 2, 1, NULL),
(14, 'West Ham', 'Premier League', '2025-11-29', 'HOME', 4, 0, NULL),
(15, 'Brentford', 'Premier League', '2025-12-03', 'HOME', 3, 0, NULL),
(16, 'Aston Villa', 'Premier League', '2025-12-06', 'AWAY', 2, 2, NULL),
(17, 'Nottingham Forest', 'Premier League', '2025-12-13', 'HOME', 5, 1, NULL),
(18, 'Fulham', 'Premier League', '2025-12-21', 'AWAY', 2, 0, NULL),
(19, 'Ipswich', 'Premier League', '2025-12-26', 'HOME', 4, 0, NULL),
(20, 'Newcastle', 'Premier League', '2026-01-04', 'HOME', 2, 0, NULL),
(21, 'Chelsea', 'Premier League', '2026-01-14', 'AWAY', 1, 1, NULL),
(22, 'Everton', 'Premier League', '2026-01-21', 'HOME', 3, 0, NULL),
(23, 'Leeds United', 'Premier League', '2026-02-01', 'HOME', 4, 1, NULL),
(24, 'Bournemouth', 'Premier League', '2026-02-14', 'AWAY', 2, 0, NULL),
(25, 'Southampton', 'Premier League', '2026-02-21', 'HOME', 5, 0, NULL),
(26, 'Arsenal', 'Premier League', '2026-03-07', 'AWAY', 1, 0, 'https://www.youtube.com/watch?v=nWeIa6TpY_g&t=1313s'),
(27, 'Liverpool', 'Premier League', '2026-03-21', 'AWAY', 0, 0, NULL),
(28, 'Tottenham', 'Premier League', '2026-03-28', 'HOME', 0, 0, NULL),
(29, 'Wolves', 'Premier League', '2026-04-01', 'HOME', 0, 0, NULL),
(30, 'Manchester United', 'Premier League', '2026-04-04', 'AWAY', 0, 0, NULL),
(31, 'Crystal Palace', 'Premier League', '2026-04-11', 'AWAY', 0, 0, NULL),
(32, 'Brighton', 'Premier League', '2026-04-18', 'HOME', 0, 0, NULL),
(33, 'Aston Villa', 'Premier League', '2026-04-22', 'HOME', 0, 0, NULL),
(34, 'Nottingham Forest', 'Premier League', '2026-04-25', 'AWAY', 0, 0, NULL),
(35, 'West Ham', 'Premier League', '2026-04-28', 'AWAY', 0, 0, NULL),
(36, 'Brentford', 'Premier League', '2026-05-02', 'AWAY', 0, 0, NULL),
(37, 'Fulham', 'Premier League', '2026-05-05', 'HOME', 0, 0, NULL),
(38, 'Ipswich', 'Premier League', '2026-05-09', 'AWAY', 0, 0, NULL),
(39, 'Juventus', 'Champions League', '2025-09-17', 'HOME', 2, 0, NULL),
(40, 'Atlético Madrid', 'Champions League', '2025-10-01', 'AWAY', 1, 1, NULL),
(41, 'PSG', 'Champions League', '2025-10-22', 'HOME', 3, 1, NULL),
(42, 'Dortmund', 'Champions League', '2025-11-05', 'AWAY', 2, 1, NULL),
(43, 'Real Madrid', 'Champions League', '2025-11-26', 'HOME', 2, 0, NULL),
(44, 'Inter Milan', 'Champions League', '2025-12-10', 'AWAY', 1, 0, NULL),
(45, 'Porto', 'Champions League', '2026-01-28', 'HOME', 3, 0, NULL),
(46, 'Benfica', 'Champions League', '2026-02-11', 'AWAY', 2, 0, NULL),
(47, 'Bayern Munich', 'Champions League', '2026-02-18', 'HOME', 3, 1, NULL),
(48, 'Bayern Munich', 'Champions League', '2026-03-11', 'AWAY', 2, 2, NULL),
(49, 'Real Madrid', 'Champions League', '2026-04-08', 'AWAY', 0, 0, NULL),
(50, 'Real Madrid', 'Champions League', '2026-04-15', 'HOME', 0, 0, NULL),
(51, 'PSG', 'Champions League', '2026-04-29', 'HOME', 0, 0, NULL),
(52, 'PSG', 'Champions League', '2026-05-06', 'AWAY', 0, 0, NULL),
(53, 'Arsenal', 'Champions League', '2026-05-30', 'HOME', 0, 0, NULL),
(54, 'Fulham', 'FA Cup', '2026-01-10', 'HOME', 3, 0, NULL),
(55, 'Stoke City', 'FA Cup', '2026-02-07', 'HOME', 4, 0, NULL),
(56, 'Sheffield United', 'FA Cup', '2026-03-01', 'AWAY', 2, 1, NULL),
(57, 'Crystal Palace', 'FA Cup', '2026-04-05', 'AWAY', 0, 0, NULL),
(58, 'Newcastle', 'FA Cup', '2026-04-19', 'HOME', 0, 0, NULL),
(59, 'Chelsea', 'FA Cup', '2026-05-23', 'HOME', 0, 0, NULL),
(60, 'Oxford United', 'Carabao Cup', '2025-09-24', 'HOME', 4, 0, NULL),
(61, 'Aston Villa', 'Carabao Cup', '2025-10-29', 'AWAY', 3, 1, NULL),
(62, 'Arsenal', 'Carabao Cup', '2025-12-17', 'HOME', 2, 1, NULL),
(63, 'Liverpool', 'Carabao Cup', '2026-01-06', 'AWAY', 1, 1, NULL),
(64, 'Liverpool', 'Carabao Cup', '2026-01-20', 'HOME', 2, 0, NULL),
(65, 'Nottingham Forest', 'Carabao Cup', '2026-02-22', 'HOME', 2, 1, NULL);

-- --------------------------------------------------------

--
-- Structure de la table `players`
--

CREATE TABLE `players` (
  `id` int(11) NOT NULL,
  `user_id` int(11) DEFAULT NULL,
  `full_name` varchar(150) NOT NULL,
  `email` varchar(255) DEFAULT NULL,
  `shirt_number` int(11) NOT NULL,
  `position` enum('GK','DEF','MID','FWD') NOT NULL,
  `nationality` varchar(100) NOT NULL,
  `date_of_birth` date DEFAULT NULL,
  `photo_url` varchar(255) DEFAULT NULL
) ENGINE=InnoDB DEFAULT CHARSET=utf8mb4 COLLATE=utf8mb4_unicode_ci;

--
-- Déchargement des données de la table `players`
--

INSERT INTO `players` (`id`, `user_id`, `full_name`, `email`, `shirt_number`, `position`, `nationality`, `date_of_birth`, `photo_url`) VALUES
(1, NULL, 'Gianluigi Donnarumma', NULL, 1, 'GK', 'Italie', '1999-02-25', 'uploads/players/donnaruma-elec-blue.webp'),
(2, NULL, 'James Trafford', NULL, 38, 'GK', 'Angleterre', '2002-10-10', 'uploads/players/james-trafford-elec-blue.webp'),
(3, NULL, 'Abdukodir Khusanov', NULL, 40, 'DEF', 'Ouzbékistan', '2003-12-05', 'uploads/players/abdukodir-khusanov-elec-blue.webp'),
(4, NULL, 'Rúben Dias', NULL, 3, 'DEF', 'Portugal', '1997-05-14', 'uploads/players/ruben-dias-elec-blue.webp'),
(5, NULL, 'John Stones', NULL, 5, 'DEF', 'Angleterre', '1994-05-28', 'uploads/players/john-stones-elec-blue.webp'),
(6, NULL, 'Nathan Aké', NULL, 6, 'DEF', 'Pays-Bas', '1995-02-18', 'uploads/players/nathan-ake-elec-blue.webp'),
(7, NULL, 'Joško Gvardiol', NULL, 24, 'DEF', 'Croatie', '2002-01-23', 'uploads/players/josko-gvardiol-elec-blue.webp'),
(8, NULL, 'Manuel Akanji', NULL, 25, 'DEF', 'Suisse', '1995-01-19', 'uploads/players/manuel-akanji-elec-blue.webp'),
(9, NULL, 'Rico Lewis', NULL, 82, 'DEF', 'Angleterre', '2004-11-21', 'uploads/players/rico-lewis-elec-blue.webp'),
(10, NULL, 'Rodri', NULL, 16, 'MID', 'Espagne', '1991-06-22', 'uploads/players/rodri-elec-blue.webp'),
(11, NULL, 'Mateo Kovačić', NULL, 8, 'MID', 'Croatie', '1994-05-17', 'uploads/players/mateo-kovacic-elec-blue.webp'),
(12, NULL, 'Matheus Nunes', NULL, 27, 'MID', 'Portugal', '1998-08-27', 'uploads/players/matheus-nunes-elec-blue.webp'),
(13, NULL, 'Tijjani Reijnders', NULL, 14, 'MID', 'Pays-Bas', '1998-07-29', 'uploads/players/tijjani-reijnders-elec-blue.webp'),
(14, NULL, 'Phil Foden', NULL, 47, 'MID', 'Angleterre', '2000-05-28', 'uploads/players/phil-foden-elec-blue.webp'),
(15, NULL, 'Bernardo Silva', NULL, 20, 'MID', 'Portugal', '1994-08-10', 'uploads/players/bernardo-silva-elec-blue.webp'),
(16, NULL, 'Jack Grealish', NULL, 10, 'MID', 'Angleterre', '1995-09-10', 'uploads/players/jack-grealish-elec-blue.webp'),
(17, NULL, 'Savinho', NULL, 26, 'FWD', 'Brésil', '2004-08-22', 'uploads/players/savinho-elec-blue.webp'),
(18, NULL, 'Jérémy Doku', NULL, 11, 'FWD', 'Belgique', '2002-05-12', 'uploads/players/jeremy-doku-elec-blue.webp'),
(19, 2, 'Erling Haaland', NULL, 9, 'FWD', 'Norvège', '2000-07-21', 'uploads/players/erling-haaland-elec-blue.webp'),
(20, NULL, 'Vítor Reis', NULL, 33, 'DEF', 'Brésil', '2006-02-25', 'uploads/players/vitor-reis-elec-blue.webp'),
(21, NULL, 'Rayan Aït-Nouri', NULL, 35, 'DEF', 'Algérie', '2001-06-06', 'uploads/players/rayan-ait-nouri-elec-blue.webp'),
(22, NULL, 'Marcus BETTINELLI', NULL, 13, 'GK', 'Angleterre', NULL, 'uploads/players/player_22.webp'),
(23, NULL, 'Marc Guéhi', NULL, 2, 'DEF', 'Angleterre', '2000-09-27', 'uploads/players/marc-guehi-profile.webp'),
(24, NULL, 'Nico González', NULL, 28, 'MID', 'Espagne', '2001-09-05', 'uploads/players/nico-gonzalez-elec-blue.webp'),
(25, NULL, 'Nico OReilly', NULL, 80, 'MID', 'Irlande', '2006-02-14', 'uploads/players/nico-oreilly-elec-blue.webp'),
(26, NULL, 'Sverre Nypan', NULL, 65, 'FWD', 'Norvège', '2006-09-03', 'uploads/players/nypan-1.webp'),
(27, 10, 'Rayan Cherki', NULL, 21, 'MID', 'France', '2003-08-17', 'uploads/players/rayan-cherki-elec-blue.webp'),
(28, NULL, 'Omar Marmoush', NULL, 15, 'FWD', 'Égypte', '1999-02-07', 'uploads/players/omar-marmoush-elec-blue.webp'),
(29, NULL, 'Kalvin Phillips', NULL, 4, 'MID', 'Angleterre', '1995-12-02', 'uploads/players/kalvin-phillips-elec-blue.webp'),
(30, NULL, 'Joshua Wilson-Esbrand', NULL, 55, 'DEF', 'Angleterre', '2003-09-15', 'uploads/players/joshua-wilson-esbrand.webp'),
(31, NULL, 'Claudio Echeverri', NULL, 49, 'FWD', 'Argentine', '2006-07-08', 'uploads/players/claudio-echeverri-elec-blue.webp');

-- --------------------------------------------------------

--
-- Structure de la table `player_match_stats`
--

CREATE TABLE `player_match_stats` (
  `id` int(11) NOT NULL,
  `player_id` int(11) NOT NULL,
  `match_id` int(11) NOT NULL,
  `titulaire` tinyint(1) NOT NULL DEFAULT 1,
  `minutes_jouees` int(11) NOT NULL DEFAULT 0,
  `buts` int(11) NOT NULL DEFAULT 0,
  `passes_decisives` int(11) NOT NULL DEFAULT 0,
  `note` decimal(3,1) DEFAULT NULL,
  `cartons_jaunes` tinyint(1) NOT NULL DEFAULT 0,
  `cartons_rouges` tinyint(1) NOT NULL DEFAULT 0
) ENGINE=InnoDB DEFAULT CHARSET=utf8mb4 COLLATE=utf8mb4_unicode_ci;

--
-- Déchargement des données de la table `player_match_stats`
--

INSERT INTO `player_match_stats` (`id`, `player_id`, `match_id`, `titulaire`, `minutes_jouees`, `buts`, `passes_decisives`, `note`, `cartons_jaunes`, `cartons_rouges`) VALUES
(1, 1, 1, 1, 90, 0, 0, 8.0, 0, 0),
(2, 4, 1, 1, 90, 0, 0, 7.5, 0, 0),
(3, 8, 1, 1, 90, 0, 0, 7.5, 0, 0),
(4, 7, 1, 1, 90, 0, 0, 7.5, 0, 0),
(5, 9, 1, 1, 90, 0, 1, 7.5, 0, 0),
(6, 10, 1, 1, 90, 0, 1, 8.0, 0, 0),
(7, 11, 1, 1, 77, 0, 0, 7.5, 0, 0),
(8, 13, 1, 1, 85, 0, 0, 7.5, 0, 0),
(9, 14, 1, 1, 79, 1, 0, 8.0, 0, 0),
(10, 18, 1, 1, 68, 1, 0, 8.0, 0, 0),
(11, 19, 1, 1, 90, 1, 0, 8.5, 0, 0),
(12, 15, 1, 0, 13, 0, 0, 7.0, 0, 0),
(13, 17, 1, 0, 22, 0, 0, 7.0, 0, 0),
(14, 27, 1, 0, 11, 0, 0, 6.5, 0, 0),
(15, 1, 2, 1, 90, 0, 0, 7.5, 0, 0),
(16, 4, 2, 1, 90, 0, 0, 7.5, 1, 0),
(17, 8, 2, 1, 90, 0, 0, 7.0, 0, 0),
(18, 7, 2, 1, 90, 0, 0, 7.5, 0, 0),
(19, 9, 2, 1, 90, 0, 0, 7.0, 0, 0),
(20, 10, 2, 1, 90, 0, 0, 8.0, 0, 0),
(21, 11, 2, 1, 76, 0, 1, 7.5, 0, 0),
(22, 13, 2, 1, 90, 1, 0, 8.0, 0, 0),
(23, 14, 2, 1, 78, 1, 0, 8.0, 0, 0),
(24, 18, 2, 1, 66, 0, 1, 7.5, 0, 0),
(25, 19, 2, 1, 90, 0, 0, 7.0, 1, 0),
(26, 15, 2, 0, 14, 0, 0, 6.5, 0, 0),
(27, 17, 2, 0, 24, 0, 0, 7.0, 0, 0),
(28, 27, 2, 0, 12, 0, 0, 6.5, 0, 0),
(29, 1, 3, 1, 90, 0, 0, 7.5, 0, 0),
(30, 4, 3, 1, 90, 0, 0, 7.5, 0, 0),
(31, 8, 3, 1, 90, 0, 0, 7.5, 0, 0),
(32, 7, 3, 1, 90, 0, 0, 7.5, 0, 0),
(33, 9, 3, 1, 90, 0, 1, 7.5, 0, 0),
(34, 10, 3, 1, 90, 0, 0, 8.0, 1, 0),
(35, 11, 3, 1, 80, 0, 0, 7.5, 0, 0),
(36, 13, 3, 1, 83, 0, 1, 7.5, 0, 0),
(37, 14, 3, 1, 77, 1, 0, 8.0, 0, 0),
(38, 18, 3, 1, 67, 1, 0, 8.0, 0, 0),
(39, 19, 3, 1, 90, 1, 1, 9.0, 0, 0),
(40, 15, 3, 0, 10, 0, 0, 7.0, 0, 0),
(41, 17, 3, 0, 23, 0, 0, 7.0, 0, 0),
(42, 27, 3, 0, 13, 0, 0, 6.5, 0, 0),
(43, 1, 4, 1, 90, 0, 0, 8.0, 0, 0),
(44, 4, 4, 1, 90, 0, 0, 8.0, 0, 0),
(45, 8, 4, 1, 90, 0, 0, 7.5, 0, 0),
(46, 7, 4, 1, 90, 0, 1, 8.0, 0, 0),
(47, 9, 4, 1, 90, 0, 0, 7.5, 0, 0),
(48, 10, 4, 1, 90, 0, 1, 8.0, 0, 0),
(49, 11, 4, 1, 78, 0, 0, 7.5, 0, 0),
(50, 13, 4, 1, 85, 0, 0, 7.5, 0, 0),
(51, 14, 4, 1, 76, 1, 0, 8.0, 0, 0),
(52, 18, 4, 1, 68, 0, 0, 7.5, 0, 0),
(53, 19, 4, 1, 90, 1, 0, 8.5, 0, 0),
(54, 15, 4, 0, 12, 0, 0, 7.0, 0, 0),
(55, 17, 4, 0, 22, 0, 0, 7.0, 0, 0),
(56, 1, 5, 1, 90, 0, 0, 7.5, 0, 0),
(57, 4, 5, 1, 90, 0, 0, 8.0, 0, 0),
(58, 8, 5, 1, 90, 0, 0, 7.5, 1, 0),
(59, 7, 5, 1, 90, 0, 0, 7.5, 0, 0),
(60, 9, 5, 1, 90, 0, 0, 7.5, 0, 0),
(61, 10, 5, 1, 90, 0, 1, 8.5, 0, 0),
(62, 11, 5, 1, 75, 0, 1, 8.0, 0, 0),
(63, 13, 5, 1, 82, 1, 0, 8.5, 0, 0),
(64, 14, 5, 1, 90, 1, 1, 8.5, 0, 0),
(65, 18, 5, 1, 65, 1, 0, 8.0, 0, 0),
(66, 19, 5, 1, 90, 0, 0, 7.5, 1, 0),
(67, 15, 5, 0, 15, 0, 0, 7.0, 0, 0),
(68, 17, 5, 0, 25, 0, 0, 7.0, 0, 0),
(69, 1, 6, 1, 90, 0, 0, 8.0, 0, 0),
(70, 4, 6, 1, 90, 0, 0, 8.0, 0, 0),
(71, 8, 6, 1, 90, 0, 0, 8.0, 0, 0),
(72, 7, 6, 1, 90, 0, 1, 8.0, 0, 0),
(73, 9, 6, 1, 90, 0, 1, 8.0, 0, 0),
(74, 10, 6, 1, 90, 0, 1, 8.5, 0, 0),
(75, 11, 6, 1, 77, 0, 0, 7.5, 0, 0),
(76, 13, 6, 1, 80, 1, 0, 8.5, 0, 0),
(77, 14, 6, 1, 74, 1, 0, 8.5, 0, 0),
(78, 18, 6, 1, 70, 0, 0, 7.5, 0, 0),
(79, 19, 6, 1, 90, 2, 0, 9.5, 0, 0),
(80, 15, 6, 0, 13, 0, 0, 7.0, 0, 0),
(81, 28, 6, 0, 20, 0, 0, 7.0, 0, 0),
(82, 27, 6, 0, 16, 0, 0, 7.0, 0, 0),
(83, 1, 7, 1, 90, 0, 0, 7.5, 0, 0),
(84, 4, 7, 1, 90, 0, 0, 8.0, 0, 0),
(85, 8, 7, 1, 90, 0, 0, 7.5, 1, 0),
(86, 7, 7, 1, 90, 0, 0, 7.5, 0, 0),
(87, 9, 7, 1, 90, 0, 0, 7.5, 0, 0),
(88, 10, 7, 1, 90, 0, 1, 8.5, 0, 0),
(89, 11, 7, 1, 76, 0, 0, 7.5, 0, 0),
(90, 13, 7, 1, 84, 0, 1, 8.0, 0, 0),
(91, 14, 7, 1, 78, 1, 0, 8.5, 0, 0),
(92, 18, 7, 1, 67, 0, 0, 7.5, 0, 0),
(93, 19, 7, 1, 90, 1, 0, 8.5, 0, 0),
(94, 15, 7, 0, 14, 0, 0, 7.0, 0, 0),
(95, 17, 7, 0, 23, 0, 0, 7.0, 0, 0),
(96, 27, 7, 0, 12, 0, 0, 6.5, 0, 0),
(97, 1, 8, 1, 90, 0, 0, 8.0, 0, 0),
(98, 4, 8, 1, 90, 0, 0, 8.0, 0, 0),
(99, 8, 8, 1, 90, 0, 0, 7.5, 0, 0),
(100, 7, 8, 1, 90, 0, 1, 8.0, 0, 0),
(101, 9, 8, 1, 90, 0, 0, 7.5, 0, 0),
(102, 10, 8, 1, 90, 0, 0, 8.5, 1, 0),
(103, 11, 8, 1, 79, 0, 1, 7.5, 0, 0),
(104, 13, 8, 1, 85, 1, 0, 8.5, 0, 0),
(105, 14, 8, 1, 77, 1, 0, 8.5, 0, 0),
(106, 18, 8, 1, 68, 0, 0, 7.5, 0, 0),
(107, 19, 8, 1, 90, 1, 0, 8.5, 0, 0),
(108, 15, 8, 0, 11, 0, 0, 7.0, 0, 0),
(109, 17, 8, 0, 22, 0, 0, 7.0, 0, 0),
(110, 27, 8, 0, 13, 0, 0, 6.5, 0, 0),
(111, 1, 9, 1, 90, 0, 0, 7.5, 0, 0),
(112, 4, 9, 1, 90, 0, 0, 7.5, 0, 0),
(113, 8, 9, 1, 90, 0, 0, 7.5, 0, 0),
(114, 7, 9, 1, 90, 0, 1, 8.0, 0, 0),
(115, 9, 9, 1, 90, 0, 0, 7.5, 0, 0),
(116, 10, 9, 1, 90, 0, 1, 8.0, 0, 0),
(117, 11, 9, 1, 75, 0, 0, 7.5, 1, 0),
(118, 13, 9, 1, 82, 1, 0, 8.5, 0, 0),
(119, 14, 9, 1, 76, 1, 0, 8.5, 0, 0),
(120, 18, 9, 1, 66, 1, 0, 8.0, 0, 0),
(121, 19, 9, 1, 90, 1, 0, 8.5, 0, 0),
(122, 15, 9, 0, 15, 0, 0, 7.0, 0, 0),
(123, 17, 9, 0, 24, 0, 0, 7.0, 0, 0),
(124, 28, 9, 0, 14, 0, 0, 6.5, 0, 0),
(125, 1, 10, 1, 90, 0, 0, 8.0, 0, 0),
(126, 4, 10, 1, 90, 0, 0, 8.0, 0, 0),
(127, 8, 10, 1, 90, 0, 0, 7.5, 0, 0),
(128, 6, 10, 1, 90, 0, 0, 7.5, 0, 0),
(129, 9, 10, 1, 90, 0, 0, 7.5, 0, 0),
(130, 10, 10, 1, 90, 0, 0, 8.0, 0, 0),
(131, 11, 10, 1, 78, 0, 1, 7.5, 0, 0),
(132, 13, 10, 1, 84, 0, 0, 7.5, 0, 0),
(133, 14, 10, 1, 75, 1, 0, 8.0, 0, 0),
(134, 18, 10, 1, 67, 0, 0, 7.5, 0, 0),
(135, 19, 10, 1, 90, 1, 0, 8.5, 0, 0),
(136, 15, 10, 0, 12, 0, 0, 7.0, 0, 0),
(137, 17, 10, 0, 23, 0, 0, 7.0, 0, 0),
(138, 7, 10, 0, 6, 0, 0, 6.5, 0, 0),
(139, 1, 11, 1, 90, 0, 0, 8.5, 0, 0),
(140, 4, 11, 1, 90, 0, 0, 8.0, 0, 0),
(141, 8, 11, 1, 90, 0, 0, 8.0, 0, 0),
(142, 7, 11, 1, 90, 0, 0, 8.0, 0, 0),
(143, 9, 11, 1, 90, 0, 1, 8.0, 0, 0),
(144, 10, 11, 1, 90, 0, 1, 8.5, 0, 0),
(145, 11, 11, 1, 76, 0, 0, 7.5, 0, 0),
(146, 13, 11, 1, 83, 1, 0, 8.5, 0, 0),
(147, 14, 11, 1, 79, 1, 0, 8.5, 0, 0),
(148, 18, 11, 1, 68, 0, 1, 8.0, 0, 0),
(149, 19, 11, 1, 90, 1, 0, 9.0, 0, 0),
(150, 15, 11, 0, 14, 0, 0, 7.0, 0, 0),
(151, 17, 11, 0, 22, 0, 0, 7.0, 0, 0),
(152, 27, 11, 0, 11, 0, 0, 6.5, 0, 0),
(153, 1, 12, 1, 90, 0, 0, 8.5, 0, 0),
(154, 4, 12, 1, 90, 0, 0, 8.0, 1, 0),
(155, 8, 12, 1, 90, 0, 0, 8.0, 0, 0),
(156, 7, 12, 1, 90, 0, 0, 7.5, 0, 0),
(157, 9, 12, 1, 90, 0, 0, 7.5, 0, 0),
(158, 10, 12, 1, 90, 0, 0, 8.0, 0, 0),
(159, 11, 12, 1, 80, 0, 0, 7.5, 0, 0),
(160, 13, 12, 1, 85, 0, 1, 8.0, 0, 0),
(161, 14, 12, 1, 90, 0, 0, 7.5, 0, 0),
(162, 18, 12, 1, 70, 0, 0, 7.5, 0, 0),
(163, 19, 12, 1, 90, 1, 0, 9.0, 0, 0),
(164, 15, 12, 0, 10, 0, 0, 7.0, 0, 0),
(165, 28, 12, 0, 20, 0, 0, 7.0, 0, 0),
(166, 1, 13, 1, 90, 0, 0, 7.5, 0, 0),
(167, 4, 13, 1, 90, 0, 0, 7.5, 0, 0),
(168, 8, 13, 1, 90, 0, 0, 7.5, 1, 0),
(169, 7, 13, 1, 90, 0, 0, 7.5, 0, 0),
(170, 9, 13, 1, 90, 0, 0, 7.5, 0, 0),
(171, 10, 13, 1, 90, 0, 1, 8.0, 0, 0),
(172, 11, 13, 1, 77, 0, 0, 7.5, 0, 0),
(173, 13, 13, 1, 84, 0, 0, 7.5, 0, 0),
(174, 14, 13, 1, 78, 1, 0, 8.0, 0, 0),
(175, 18, 13, 1, 67, 0, 1, 8.0, 0, 0),
(176, 19, 13, 1, 90, 1, 0, 8.5, 0, 0),
(177, 15, 13, 0, 13, 0, 0, 7.0, 0, 0),
(178, 17, 13, 0, 23, 0, 0, 7.0, 0, 0),
(179, 27, 13, 0, 12, 0, 0, 6.5, 0, 0),
(180, 1, 14, 1, 90, 0, 0, 8.5, 0, 0),
(181, 4, 14, 1, 90, 0, 0, 8.0, 0, 0),
(182, 8, 14, 1, 90, 0, 0, 7.5, 0, 0),
(183, 7, 14, 1, 90, 0, 1, 8.0, 0, 0),
(184, 9, 14, 1, 90, 0, 1, 8.0, 0, 0),
(185, 10, 14, 1, 90, 0, 1, 8.5, 0, 0),
(186, 11, 14, 1, 78, 0, 0, 7.5, 0, 0),
(187, 13, 14, 1, 82, 1, 0, 8.5, 0, 0),
(188, 14, 14, 1, 76, 1, 0, 8.5, 0, 0),
(189, 18, 14, 1, 68, 1, 0, 8.5, 0, 0),
(190, 19, 14, 1, 90, 1, 0, 8.5, 0, 0),
(191, 15, 14, 0, 12, 0, 0, 7.0, 0, 0),
(192, 17, 14, 0, 22, 0, 0, 7.0, 0, 0),
(193, 28, 14, 0, 14, 0, 0, 7.0, 0, 0),
(194, 1, 15, 1, 90, 0, 0, 8.0, 0, 0),
(195, 4, 15, 1, 90, 0, 0, 8.0, 0, 0),
(196, 3, 15, 1, 90, 0, 0, 7.5, 0, 0),
(197, 7, 15, 1, 90, 0, 0, 7.5, 0, 0),
(198, 9, 15, 1, 90, 0, 0, 7.5, 0, 0),
(199, 10, 15, 1, 90, 0, 1, 8.0, 0, 0),
(200, 11, 15, 1, 75, 0, 1, 7.5, 0, 0),
(201, 13, 15, 1, 83, 0, 0, 7.5, 0, 0),
(202, 14, 15, 1, 80, 1, 0, 8.0, 0, 0),
(203, 18, 15, 1, 66, 0, 0, 7.5, 0, 0),
(204, 19, 15, 1, 90, 2, 0, 9.5, 0, 0),
(205, 15, 15, 0, 15, 0, 0, 7.0, 0, 0),
(206, 17, 15, 0, 24, 0, 0, 7.0, 0, 0),
(207, 27, 15, 0, 10, 0, 0, 6.5, 0, 0),
(208, 1, 16, 1, 90, 0, 0, 7.0, 0, 0),
(209, 4, 16, 1, 90, 0, 0, 7.0, 1, 0),
(210, 8, 16, 1, 90, 0, 0, 7.0, 0, 0),
(211, 7, 16, 1, 90, 0, 1, 7.5, 0, 0),
(212, 9, 16, 1, 90, 0, 0, 7.0, 0, 0),
(213, 10, 16, 1, 90, 0, 0, 7.5, 0, 0),
(214, 11, 16, 1, 77, 0, 0, 7.0, 0, 0),
(215, 13, 16, 1, 82, 1, 0, 8.0, 0, 0),
(216, 14, 16, 1, 78, 0, 1, 7.5, 0, 0),
(217, 18, 16, 1, 68, 0, 0, 7.0, 0, 0),
(218, 19, 16, 1, 90, 1, 0, 8.0, 0, 0),
(219, 15, 16, 0, 13, 0, 0, 7.0, 0, 0),
(220, 17, 16, 0, 22, 0, 0, 7.0, 0, 0),
(221, 27, 16, 0, 12, 0, 0, 6.5, 0, 0),
(222, 1, 17, 1, 90, 0, 0, 7.5, 0, 0),
(223, 4, 17, 1, 90, 0, 0, 8.0, 0, 0),
(224, 8, 17, 1, 90, 0, 0, 8.0, 0, 0),
(225, 7, 17, 1, 90, 0, 1, 8.0, 0, 0),
(226, 9, 17, 1, 90, 0, 1, 8.0, 0, 0),
(227, 10, 17, 1, 90, 0, 1, 8.5, 0, 0),
(228, 11, 17, 1, 75, 0, 0, 7.5, 0, 0),
(229, 13, 17, 1, 80, 2, 0, 9.5, 0, 0),
(230, 14, 17, 1, 74, 1, 1, 9.0, 0, 0),
(231, 18, 17, 1, 67, 0, 0, 7.5, 0, 0),
(232, 19, 17, 1, 90, 2, 0, 9.5, 0, 0),
(233, 15, 17, 0, 15, 0, 0, 7.0, 0, 0),
(234, 17, 17, 0, 23, 0, 0, 7.0, 0, 0),
(235, 28, 17, 0, 16, 0, 0, 7.0, 0, 0),
(236, 1, 18, 1, 90, 0, 0, 8.0, 0, 0),
(237, 4, 18, 1, 90, 0, 0, 7.5, 0, 0),
(238, 8, 18, 1, 90, 0, 0, 7.5, 0, 0),
(239, 6, 18, 1, 90, 0, 0, 7.5, 0, 0),
(240, 9, 18, 1, 90, 0, 1, 8.0, 0, 0),
(241, 10, 18, 1, 90, 0, 0, 8.0, 0, 0),
(242, 11, 18, 1, 79, 0, 0, 7.5, 0, 0),
(243, 13, 18, 1, 84, 0, 0, 7.5, 0, 0),
(244, 14, 18, 1, 76, 1, 0, 8.0, 0, 0),
(245, 18, 18, 1, 68, 0, 1, 7.5, 0, 0),
(246, 19, 18, 1, 90, 1, 0, 8.5, 0, 0),
(247, 15, 18, 0, 11, 0, 0, 7.0, 0, 0),
(248, 17, 18, 0, 22, 0, 0, 7.0, 0, 0),
(249, 7, 18, 0, 6, 0, 0, 6.5, 0, 0),
(250, 1, 19, 1, 90, 0, 0, 8.5, 0, 0),
(251, 4, 19, 1, 90, 0, 0, 8.0, 0, 0),
(252, 8, 19, 1, 90, 0, 0, 8.0, 0, 0),
(253, 7, 19, 1, 90, 0, 0, 8.0, 0, 0),
(254, 9, 19, 1, 90, 0, 1, 8.0, 0, 0),
(255, 10, 19, 1, 90, 0, 0, 8.0, 0, 0),
(256, 11, 19, 1, 76, 0, 1, 8.0, 0, 0),
(257, 13, 19, 1, 82, 1, 0, 8.5, 0, 0),
(258, 14, 19, 1, 77, 1, 0, 8.5, 0, 0),
(259, 18, 19, 1, 66, 0, 1, 8.0, 0, 0),
(260, 19, 19, 1, 90, 2, 0, 9.5, 0, 0),
(261, 15, 19, 0, 14, 0, 0, 7.0, 0, 0),
(262, 17, 19, 0, 24, 0, 0, 7.0, 0, 0),
(263, 28, 19, 0, 13, 0, 0, 7.0, 0, 0),
(264, 1, 20, 1, 90, 0, 0, 8.0, 0, 0),
(265, 4, 20, 1, 90, 0, 0, 8.0, 0, 0),
(266, 8, 20, 1, 90, 0, 0, 7.5, 0, 0),
(267, 7, 20, 1, 90, 0, 1, 8.0, 0, 0),
(268, 9, 20, 1, 90, 0, 0, 7.5, 0, 0),
(269, 10, 20, 1, 90, 0, 0, 8.0, 0, 0),
(270, 11, 20, 1, 78, 0, 0, 7.5, 0, 0),
(271, 13, 20, 1, 83, 0, 0, 7.5, 0, 0),
(272, 14, 20, 1, 75, 1, 0, 8.5, 0, 0),
(273, 18, 20, 1, 68, 0, 0, 7.5, 0, 0),
(274, 19, 20, 1, 90, 1, 0, 8.5, 0, 0),
(275, 15, 20, 0, 12, 0, 0, 7.0, 0, 0),
(276, 17, 20, 0, 22, 0, 0, 7.0, 0, 0),
(277, 27, 20, 0, 15, 0, 0, 7.0, 0, 0),
(278, 1, 21, 1, 90, 0, 0, 7.0, 0, 0),
(279, 4, 21, 1, 90, 0, 0, 7.5, 1, 0),
(280, 8, 21, 1, 90, 0, 0, 7.0, 0, 0),
(281, 7, 21, 1, 90, 0, 0, 7.5, 0, 0),
(282, 9, 21, 1, 90, 0, 0, 7.0, 0, 0),
(283, 10, 21, 1, 90, 0, 0, 8.0, 0, 0),
(284, 11, 21, 1, 77, 0, 0, 7.0, 0, 0),
(285, 13, 21, 1, 84, 0, 1, 7.5, 0, 0),
(286, 14, 21, 1, 90, 0, 0, 7.5, 0, 0),
(287, 18, 21, 1, 68, 0, 0, 7.0, 0, 0),
(288, 19, 21, 1, 90, 1, 0, 8.0, 0, 0),
(289, 15, 21, 0, 13, 0, 0, 7.0, 0, 0),
(290, 17, 21, 0, 22, 0, 0, 7.0, 0, 0),
(291, 1, 22, 1, 90, 0, 0, 8.0, 0, 0),
(292, 4, 22, 1, 90, 0, 0, 8.0, 0, 0),
(293, 8, 22, 1, 90, 0, 0, 7.5, 0, 0),
(294, 7, 22, 1, 90, 0, 0, 7.5, 0, 0),
(295, 9, 22, 1, 90, 0, 1, 8.0, 0, 0),
(296, 10, 22, 1, 90, 0, 1, 8.5, 0, 0),
(297, 11, 22, 1, 76, 0, 0, 7.5, 0, 0),
(298, 13, 22, 1, 83, 1, 0, 8.5, 0, 0),
(299, 14, 22, 1, 78, 1, 0, 8.5, 0, 0),
(300, 18, 22, 1, 67, 0, 0, 7.5, 0, 0),
(301, 19, 22, 1, 90, 1, 0, 8.5, 0, 0),
(302, 15, 22, 0, 14, 0, 0, 7.0, 0, 0),
(303, 17, 22, 0, 23, 0, 0, 7.0, 0, 0),
(304, 27, 22, 0, 12, 0, 0, 6.5, 0, 0),
(305, 1, 23, 1, 90, 0, 0, 7.5, 0, 0),
(306, 4, 23, 1, 90, 0, 0, 7.5, 0, 0),
(307, 8, 23, 1, 90, 0, 0, 7.5, 0, 0),
(308, 7, 23, 1, 90, 0, 0, 8.0, 0, 0),
(309, 9, 23, 1, 90, 0, 0, 7.5, 0, 0),
(310, 10, 23, 1, 90, 0, 1, 8.5, 0, 0),
(311, 11, 23, 1, 77, 0, 1, 7.5, 0, 0),
(312, 13, 23, 1, 80, 1, 0, 8.5, 0, 0),
(313, 14, 23, 1, 75, 1, 1, 9.0, 0, 0),
(314, 18, 23, 1, 66, 1, 0, 8.5, 0, 0),
(315, 19, 23, 1, 90, 1, 0, 8.5, 0, 0),
(316, 15, 23, 0, 13, 0, 0, 7.0, 0, 0),
(317, 17, 23, 0, 24, 0, 0, 7.0, 0, 0),
(318, 28, 23, 0, 15, 0, 0, 7.0, 0, 0),
(319, 1, 24, 1, 90, 0, 0, 8.0, 0, 0),
(320, 4, 24, 1, 90, 0, 0, 7.5, 0, 0),
(321, 8, 24, 1, 90, 0, 0, 7.5, 0, 0),
(322, 7, 24, 1, 90, 0, 0, 7.5, 0, 0),
(323, 9, 24, 1, 90, 0, 1, 8.0, 0, 0),
(324, 10, 24, 1, 90, 0, 0, 8.0, 0, 0),
(325, 11, 24, 1, 79, 0, 0, 7.5, 0, 0),
(326, 13, 24, 1, 83, 0, 1, 8.0, 0, 0),
(327, 14, 24, 1, 77, 0, 0, 7.5, 0, 0),
(328, 18, 24, 1, 69, 0, 0, 7.5, 0, 0),
(329, 19, 24, 1, 90, 2, 0, 9.5, 0, 0),
(330, 15, 24, 0, 11, 0, 0, 7.0, 0, 0),
(331, 17, 24, 0, 21, 0, 0, 7.0, 0, 0),
(332, 27, 24, 0, 13, 0, 0, 6.5, 0, 0),
(333, 1, 25, 1, 90, 0, 0, 8.5, 0, 0),
(334, 4, 25, 1, 90, 0, 0, 8.0, 0, 0),
(335, 8, 25, 1, 90, 0, 0, 8.0, 0, 0),
(336, 7, 25, 1, 90, 0, 1, 8.0, 0, 0),
(337, 9, 25, 1, 90, 0, 1, 8.0, 0, 0),
(338, 10, 25, 1, 90, 1, 1, 9.0, 0, 0),
(339, 11, 25, 1, 74, 0, 1, 8.0, 0, 0),
(340, 13, 25, 1, 79, 1, 0, 8.5, 0, 0),
(341, 14, 25, 1, 75, 1, 0, 8.5, 0, 0),
(342, 18, 25, 1, 66, 0, 0, 7.5, 0, 0),
(343, 19, 25, 1, 90, 2, 0, 9.5, 0, 0),
(344, 15, 25, 0, 16, 0, 0, 7.0, 0, 0),
(345, 17, 25, 0, 24, 0, 0, 7.0, 0, 0),
(346, 28, 25, 0, 15, 0, 0, 7.0, 0, 0),
(347, 1, 26, 1, 90, 0, 0, 9.0, 0, 0),
(348, 4, 26, 1, 90, 0, 0, 8.5, 0, 0),
(349, 8, 26, 1, 90, 0, 0, 8.0, 1, 0),
(350, 7, 26, 1, 90, 0, 0, 8.0, 0, 0),
(351, 9, 26, 1, 90, 0, 0, 8.0, 0, 0),
(352, 10, 26, 1, 90, 0, 1, 9.0, 0, 0),
(353, 11, 26, 1, 80, 0, 0, 8.0, 0, 0),
(354, 13, 26, 1, 84, 0, 0, 8.0, 0, 0),
(355, 14, 26, 1, 78, 0, 0, 8.0, 0, 0),
(356, 18, 26, 1, 70, 0, 0, 7.5, 1, 0),
(357, 19, 26, 1, 90, 1, 0, 9.5, 0, 0),
(358, 15, 26, 0, 10, 0, 0, 7.0, 0, 0),
(359, 17, 26, 0, 20, 0, 0, 7.0, 0, 0),
(360, 27, 26, 0, 12, 0, 0, 7.0, 0, 0),
(361, 1, 39, 1, 90, 0, 0, 8.0, 0, 0),
(362, 4, 39, 1, 90, 0, 0, 8.0, 0, 0),
(363, 8, 39, 1, 90, 0, 0, 7.5, 0, 0),
(364, 7, 39, 1, 90, 0, 1, 8.0, 0, 0),
(365, 9, 39, 1, 90, 0, 0, 7.5, 0, 0),
(366, 10, 39, 1, 90, 0, 1, 8.5, 0, 0),
(367, 11, 39, 1, 77, 0, 0, 7.5, 0, 0),
(368, 13, 39, 1, 83, 0, 0, 7.5, 0, 0),
(369, 14, 39, 1, 79, 1, 0, 8.5, 0, 0),
(370, 18, 39, 1, 68, 0, 0, 7.5, 0, 0),
(371, 19, 39, 1, 90, 1, 0, 9.0, 0, 0),
(372, 15, 39, 0, 13, 0, 0, 7.0, 0, 0),
(373, 17, 39, 0, 22, 0, 0, 7.0, 0, 0),
(374, 27, 39, 0, 11, 0, 0, 6.5, 0, 0),
(375, 1, 40, 1, 90, 0, 0, 7.5, 0, 0),
(376, 4, 40, 1, 90, 0, 0, 7.5, 1, 0),
(377, 8, 40, 1, 90, 0, 0, 7.5, 0, 0),
(378, 7, 40, 1, 90, 0, 0, 7.5, 0, 0),
(379, 9, 40, 1, 90, 0, 0, 7.5, 0, 0),
(380, 10, 40, 1, 90, 0, 0, 8.0, 1, 0),
(381, 11, 40, 1, 78, 0, 0, 7.5, 0, 0),
(382, 13, 40, 1, 84, 0, 1, 8.0, 0, 0),
(383, 14, 40, 1, 90, 0, 0, 7.5, 0, 0),
(384, 18, 40, 1, 69, 0, 0, 7.5, 0, 0),
(385, 19, 40, 1, 90, 1, 0, 8.5, 0, 0),
(386, 15, 40, 0, 12, 0, 0, 7.0, 0, 0),
(387, 17, 40, 0, 21, 0, 0, 7.0, 0, 0),
(388, 1, 41, 1, 90, 0, 0, 7.5, 0, 0),
(389, 4, 41, 1, 90, 0, 0, 7.5, 0, 0),
(390, 8, 41, 1, 90, 0, 0, 7.5, 0, 0),
(391, 7, 41, 1, 90, 0, 0, 8.0, 0, 0),
(392, 9, 41, 1, 90, 0, 0, 7.5, 0, 0),
(393, 10, 41, 1, 90, 0, 1, 8.5, 0, 0),
(394, 11, 41, 1, 76, 0, 1, 8.0, 0, 0),
(395, 13, 41, 1, 82, 1, 0, 8.5, 0, 0),
(396, 14, 41, 1, 77, 1, 0, 8.5, 0, 0),
(397, 18, 41, 1, 67, 0, 0, 7.5, 0, 0),
(398, 19, 41, 1, 90, 1, 0, 8.5, 0, 0),
(399, 15, 41, 0, 14, 0, 0, 7.0, 0, 0),
(400, 17, 41, 0, 23, 0, 0, 7.0, 0, 0),
(401, 27, 41, 0, 13, 0, 0, 6.5, 0, 0),
(402, 1, 42, 1, 90, 0, 0, 7.5, 0, 0),
(403, 4, 42, 1, 90, 0, 0, 8.0, 0, 0),
(404, 8, 42, 1, 90, 0, 0, 7.5, 1, 0),
(405, 7, 42, 1, 90, 0, 0, 7.5, 0, 0),
(406, 9, 42, 1, 90, 0, 1, 8.0, 0, 0),
(407, 10, 42, 1, 90, 0, 0, 8.0, 0, 0),
(408, 11, 42, 1, 77, 0, 0, 7.5, 0, 0),
(409, 13, 42, 1, 83, 0, 0, 7.5, 0, 0),
(410, 14, 42, 1, 78, 1, 0, 8.5, 0, 0),
(411, 18, 42, 1, 68, 0, 0, 7.5, 0, 0),
(412, 19, 42, 1, 90, 1, 0, 8.5, 0, 0),
(413, 15, 42, 0, 13, 0, 0, 7.0, 0, 0),
(414, 17, 42, 0, 22, 0, 0, 7.0, 0, 0),
(415, 27, 42, 0, 12, 0, 0, 6.5, 0, 0),
(416, 1, 43, 1, 90, 0, 0, 8.5, 0, 0),
(417, 4, 43, 1, 90, 0, 0, 8.5, 0, 0),
(418, 8, 43, 1, 90, 0, 0, 8.0, 0, 0),
(419, 7, 43, 1, 90, 0, 0, 8.0, 0, 0),
(420, 9, 43, 1, 90, 0, 0, 8.0, 0, 0),
(421, 10, 43, 1, 90, 0, 1, 9.0, 0, 0),
(422, 11, 43, 1, 75, 0, 1, 8.0, 0, 0),
(423, 13, 43, 1, 81, 0, 0, 8.0, 0, 0),
(424, 14, 43, 1, 76, 1, 0, 8.5, 0, 0),
(425, 18, 43, 1, 67, 0, 0, 7.5, 0, 0),
(426, 19, 43, 1, 90, 1, 0, 9.0, 0, 0),
(427, 15, 43, 0, 15, 0, 0, 7.0, 0, 0),
(428, 17, 43, 0, 23, 0, 0, 7.0, 0, 0),
(429, 27, 43, 0, 14, 0, 0, 7.0, 0, 0),
(430, 1, 44, 1, 90, 0, 0, 8.5, 0, 0),
(431, 4, 44, 1, 90, 0, 0, 8.0, 0, 0),
(432, 8, 44, 1, 90, 0, 0, 8.0, 0, 0),
(433, 7, 44, 1, 90, 0, 0, 8.0, 0, 0),
(434, 9, 44, 1, 90, 0, 0, 7.5, 0, 0),
(435, 10, 44, 1, 90, 0, 0, 8.5, 1, 0),
(436, 11, 44, 1, 79, 0, 0, 7.5, 0, 0),
(437, 13, 44, 1, 85, 0, 1, 8.0, 0, 0),
(438, 14, 44, 1, 90, 0, 0, 8.0, 0, 0),
(439, 18, 44, 1, 70, 0, 0, 7.5, 0, 0),
(440, 19, 44, 1, 90, 1, 0, 9.5, 0, 0),
(441, 15, 44, 0, 11, 0, 0, 7.0, 0, 0),
(442, 28, 44, 0, 20, 0, 0, 7.0, 0, 0),
(443, 1, 45, 1, 90, 0, 0, 8.0, 0, 0),
(444, 4, 45, 1, 90, 0, 0, 8.0, 0, 0),
(445, 3, 45, 1, 90, 0, 0, 7.5, 0, 0),
(446, 6, 45, 1, 90, 0, 0, 7.5, 0, 0),
(447, 9, 45, 1, 90, 0, 1, 8.0, 0, 0),
(448, 10, 45, 1, 90, 0, 1, 8.5, 0, 0),
(449, 11, 45, 1, 77, 0, 0, 7.5, 0, 0),
(450, 13, 45, 1, 81, 1, 0, 8.5, 0, 0),
(451, 14, 45, 1, 76, 1, 0, 8.5, 0, 0),
(452, 18, 45, 1, 68, 0, 0, 7.5, 0, 0),
(453, 19, 45, 1, 90, 1, 0, 8.5, 0, 0),
(454, 15, 45, 0, 13, 0, 0, 7.0, 0, 0),
(455, 17, 45, 0, 22, 0, 0, 7.0, 0, 0),
(456, 27, 45, 0, 14, 0, 0, 7.0, 0, 0),
(457, 1, 46, 1, 90, 0, 0, 8.0, 0, 0),
(458, 4, 46, 1, 90, 0, 0, 7.5, 0, 0),
(459, 8, 46, 1, 90, 0, 0, 7.5, 0, 0),
(460, 7, 46, 1, 90, 0, 0, 8.0, 0, 0),
(461, 9, 46, 1, 90, 0, 0, 7.5, 0, 0),
(462, 10, 46, 1, 90, 0, 1, 8.5, 0, 0),
(463, 11, 46, 1, 78, 0, 0, 7.5, 0, 0),
(464, 13, 46, 1, 83, 0, 1, 8.0, 0, 0),
(465, 14, 46, 1, 77, 1, 0, 8.5, 0, 0),
(466, 18, 46, 1, 69, 0, 0, 7.5, 0, 0),
(467, 19, 46, 1, 90, 1, 0, 8.5, 0, 0),
(468, 15, 46, 0, 12, 0, 0, 7.0, 0, 0),
(469, 17, 46, 0, 21, 0, 0, 7.0, 0, 0),
(470, 27, 46, 0, 13, 0, 0, 6.5, 0, 0),
(471, 1, 47, 1, 90, 0, 0, 7.5, 0, 0),
(472, 4, 47, 1, 90, 0, 0, 8.0, 0, 0),
(473, 8, 47, 1, 90, 0, 0, 7.5, 1, 0),
(474, 7, 47, 1, 90, 0, 0, 8.0, 0, 0),
(475, 9, 47, 1, 90, 0, 1, 8.0, 0, 0),
(476, 10, 47, 1, 90, 0, 1, 8.5, 0, 0),
(477, 11, 47, 1, 75, 0, 0, 7.5, 0, 0),
(478, 13, 47, 1, 80, 1, 0, 8.5, 0, 0),
(479, 14, 47, 1, 76, 1, 0, 8.5, 0, 0),
(480, 18, 47, 1, 67, 0, 0, 7.5, 0, 0),
(481, 19, 47, 1, 90, 1, 0, 8.5, 0, 0),
(482, 15, 47, 0, 15, 0, 0, 7.0, 0, 0),
(483, 17, 47, 0, 23, 0, 0, 7.0, 0, 0),
(484, 27, 47, 0, 14, 0, 0, 7.0, 0, 0),
(485, 1, 48, 1, 90, 0, 0, 7.0, 0, 0),
(486, 4, 48, 1, 90, 0, 0, 7.5, 0, 0),
(487, 8, 48, 1, 90, 0, 0, 7.0, 1, 0),
(488, 7, 48, 1, 90, 0, 0, 7.5, 0, 0),
(489, 9, 48, 1, 90, 0, 0, 7.0, 0, 0),
(490, 10, 48, 1, 90, 0, 0, 8.0, 0, 0),
(491, 11, 48, 1, 78, 0, 0, 7.5, 0, 0),
(492, 13, 48, 1, 84, 0, 1, 7.5, 0, 0),
(493, 14, 48, 1, 77, 0, 0, 7.5, 0, 0),
(494, 18, 48, 1, 68, 1, 0, 8.0, 0, 0),
(495, 19, 48, 1, 90, 1, 0, 8.5, 0, 0),
(496, 15, 48, 0, 12, 0, 0, 7.0, 0, 0),
(497, 17, 48, 0, 22, 0, 0, 7.0, 0, 0),
(498, 27, 48, 0, 13, 0, 0, 6.5, 0, 0),
(499, 22, 54, 1, 90, 0, 0, 8.0, 0, 0),
(500, 4, 54, 1, 90, 0, 0, 7.5, 0, 0),
(501, 5, 54, 1, 90, 0, 0, 7.5, 0, 0),
(502, 6, 54, 1, 90, 0, 0, 7.5, 0, 0),
(503, 9, 54, 1, 90, 0, 1, 8.0, 0, 0),
(504, 12, 54, 1, 90, 0, 0, 7.5, 0, 0),
(505, 11, 54, 1, 75, 0, 0, 7.5, 0, 0),
(506, 15, 54, 1, 90, 0, 1, 8.0, 0, 0),
(507, 27, 54, 1, 78, 1, 0, 8.0, 0, 0),
(508, 28, 54, 1, 72, 1, 0, 8.0, 0, 0),
(509, 19, 54, 1, 81, 1, 0, 8.5, 0, 0),
(510, 26, 54, 0, 15, 0, 0, 7.0, 0, 0),
(511, 31, 54, 0, 18, 0, 0, 7.0, 0, 0),
(512, 2, 54, 0, 0, 0, 0, 0.0, 0, 0),
(513, 22, 55, 1, 90, 0, 0, 8.0, 0, 0),
(514, 5, 55, 1, 90, 0, 0, 7.5, 0, 0),
(515, 3, 55, 1, 90, 0, 0, 7.5, 0, 0),
(516, 21, 55, 1, 90, 0, 0, 7.5, 0, 0),
(517, 20, 55, 1, 90, 0, 0, 7.5, 0, 0),
(518, 12, 55, 1, 83, 0, 1, 7.5, 0, 0),
(519, 24, 55, 1, 79, 0, 0, 7.0, 0, 0),
(520, 25, 55, 1, 76, 0, 1, 7.5, 0, 0),
(521, 27, 55, 1, 80, 1, 0, 8.0, 0, 0),
(522, 28, 55, 1, 74, 2, 0, 9.0, 0, 0),
(523, 26, 55, 1, 90, 1, 0, 8.0, 0, 0),
(524, 31, 55, 0, 16, 0, 0, 7.0, 0, 0),
(525, 15, 55, 0, 10, 0, 0, 7.0, 0, 0),
(526, 19, 55, 0, 9, 0, 0, 7.0, 0, 0),
(527, 1, 56, 1, 90, 0, 0, 7.5, 0, 0),
(528, 4, 56, 1, 90, 0, 0, 7.5, 0, 0),
(529, 8, 56, 1, 90, 0, 0, 7.5, 0, 0),
(530, 7, 56, 1, 90, 0, 0, 7.5, 0, 0),
(531, 9, 56, 1, 90, 0, 0, 7.5, 0, 0),
(532, 10, 56, 1, 90, 0, 0, 8.0, 0, 0),
(533, 15, 56, 1, 82, 0, 1, 8.0, 0, 0),
(534, 13, 56, 1, 85, 0, 0, 7.5, 0, 0),
(535, 27, 56, 1, 78, 1, 0, 8.0, 0, 0),
(536, 18, 56, 1, 70, 0, 0, 7.5, 1, 0),
(537, 19, 56, 1, 90, 1, 0, 8.5, 0, 0),
(538, 17, 56, 0, 20, 0, 0, 7.0, 0, 0),
(539, 11, 56, 0, 8, 0, 0, 7.0, 0, 0),
(540, 22, 60, 1, 90, 0, 0, 8.0, 0, 0),
(541, 5, 60, 1, 90, 0, 0, 7.5, 0, 0),
(542, 23, 60, 1, 90, 0, 0, 7.5, 0, 0),
(543, 21, 60, 1, 90, 0, 0, 7.5, 0, 0),
(544, 20, 60, 1, 90, 0, 1, 7.5, 0, 0),
(545, 12, 60, 1, 80, 0, 1, 7.5, 0, 0),
(546, 24, 60, 1, 75, 0, 0, 7.0, 0, 0),
(547, 25, 60, 1, 78, 0, 0, 7.0, 0, 0),
(548, 31, 60, 1, 72, 1, 0, 8.0, 0, 0),
(549, 26, 60, 1, 80, 1, 0, 8.0, 0, 0),
(550, 28, 60, 1, 82, 2, 0, 9.0, 0, 0),
(551, 15, 60, 0, 15, 0, 0, 7.0, 0, 0),
(552, 27, 60, 0, 18, 0, 0, 7.0, 0, 0),
(553, 19, 60, 0, 10, 0, 0, 7.0, 0, 0),
(554, 22, 61, 1, 90, 0, 0, 7.5, 0, 0),
(555, 5, 61, 1, 90, 0, 0, 7.5, 0, 0),
(556, 3, 61, 1, 90, 0, 0, 7.5, 0, 0),
(557, 6, 61, 1, 90, 0, 0, 7.5, 0, 0),
(558, 9, 61, 1, 90, 0, 0, 7.5, 0, 0),
(559, 12, 61, 1, 82, 0, 1, 7.5, 0, 0),
(560, 15, 61, 1, 90, 0, 1, 8.0, 0, 0),
(561, 24, 61, 1, 79, 0, 0, 7.0, 0, 0),
(562, 27, 61, 1, 76, 1, 0, 8.0, 0, 0),
(563, 28, 61, 1, 72, 1, 0, 8.0, 0, 0),
(564, 19, 61, 1, 84, 1, 0, 8.5, 0, 0),
(565, 26, 61, 0, 18, 0, 0, 7.0, 0, 0),
(566, 31, 61, 0, 14, 0, 0, 7.0, 0, 0),
(567, 17, 61, 0, 11, 0, 0, 7.0, 0, 0),
(568, 1, 62, 1, 90, 0, 0, 7.5, 0, 0),
(569, 4, 62, 1, 90, 0, 0, 7.5, 0, 0),
(570, 8, 62, 1, 90, 0, 0, 7.5, 1, 0),
(571, 7, 62, 1, 90, 0, 0, 7.5, 0, 0),
(572, 9, 62, 1, 90, 0, 0, 7.5, 0, 0),
(573, 10, 62, 1, 90, 0, 1, 8.5, 0, 0),
(574, 11, 62, 1, 77, 0, 0, 7.5, 0, 0),
(575, 13, 62, 1, 83, 0, 0, 7.5, 0, 0),
(576, 14, 62, 1, 79, 1, 0, 8.5, 0, 0),
(577, 18, 62, 1, 68, 0, 0, 7.5, 0, 0),
(578, 19, 62, 1, 90, 1, 0, 9.0, 0, 0),
(579, 15, 62, 0, 13, 0, 0, 7.0, 0, 0),
(580, 17, 62, 0, 22, 0, 0, 7.0, 0, 0),
(581, 27, 62, 0, 11, 0, 0, 6.5, 0, 0),
(582, 1, 63, 1, 90, 0, 0, 7.5, 0, 0),
(583, 4, 63, 1, 90, 0, 0, 7.5, 1, 0),
(584, 8, 63, 1, 90, 0, 0, 7.5, 0, 0),
(585, 7, 63, 1, 90, 0, 0, 7.5, 0, 0),
(586, 9, 63, 1, 90, 0, 0, 7.0, 0, 0),
(587, 10, 63, 1, 90, 0, 0, 8.0, 0, 0),
(588, 11, 63, 1, 78, 0, 0, 7.5, 0, 0),
(589, 13, 63, 1, 84, 0, 1, 7.5, 0, 0),
(590, 14, 63, 1, 90, 0, 0, 7.5, 0, 0),
(591, 18, 63, 1, 70, 0, 0, 7.0, 0, 0),
(592, 19, 63, 1, 90, 1, 0, 8.5, 0, 0),
(593, 15, 63, 0, 12, 0, 0, 7.0, 0, 0),
(594, 17, 63, 0, 20, 0, 0, 7.0, 0, 0),
(595, 1, 64, 1, 90, 0, 0, 8.5, 0, 0),
(596, 4, 64, 1, 90, 0, 0, 8.0, 0, 0),
(597, 8, 64, 1, 90, 0, 0, 7.5, 0, 0),
(598, 7, 64, 1, 90, 0, 0, 8.0, 0, 0),
(599, 9, 64, 1, 90, 0, 1, 8.0, 0, 0),
(600, 10, 64, 1, 90, 0, 1, 9.0, 0, 0),
(601, 11, 64, 1, 76, 0, 0, 7.5, 0, 0),
(602, 13, 64, 1, 82, 0, 0, 7.5, 0, 0),
(603, 14, 64, 1, 77, 1, 0, 8.5, 0, 0),
(604, 18, 64, 1, 68, 0, 0, 7.5, 0, 0),
(605, 19, 64, 1, 90, 1, 0, 9.0, 0, 0),
(606, 15, 64, 0, 14, 0, 0, 7.0, 0, 0),
(607, 17, 64, 0, 22, 0, 0, 7.0, 0, 0),
(608, 27, 64, 0, 13, 0, 0, 7.0, 0, 0),
(609, 1, 65, 1, 90, 0, 0, 7.5, 0, 0),
(610, 4, 65, 1, 90, 0, 0, 8.0, 0, 0),
(611, 8, 65, 1, 90, 0, 0, 7.5, 0, 0),
(612, 7, 65, 1, 90, 0, 0, 8.0, 0, 0),
(613, 9, 65, 1, 90, 0, 0, 7.5, 0, 0),
(614, 10, 65, 1, 90, 0, 1, 8.5, 0, 0),
(615, 11, 65, 1, 79, 0, 0, 7.5, 0, 0),
(616, 13, 65, 1, 85, 0, 0, 7.5, 0, 0),
(617, 14, 65, 1, 76, 1, 0, 8.5, 0, 0),
(618, 18, 65, 1, 68, 0, 0, 7.5, 0, 0),
(619, 19, 65, 1, 90, 1, 0, 9.0, 0, 0),
(620, 15, 65, 0, 11, 0, 0, 7.0, 0, 0),
(621, 17, 65, 0, 22, 0, 0, 7.0, 0, 0),
(622, 27, 65, 0, 14, 0, 0, 7.0, 0, 0),
(623, 16, 2, 0, 22, 0, 0, 7.0, 0, 0),
(624, 16, 4, 0, 20, 0, 0, 7.0, 0, 0),
(625, 16, 5, 0, 18, 0, 0, 7.0, 0, 0),
(626, 16, 7, 0, 23, 0, 0, 7.5, 0, 0),
(627, 16, 9, 0, 25, 0, 0, 7.5, 0, 0),
(628, 16, 10, 0, 23, 0, 0, 7.0, 0, 0),
(629, 16, 12, 0, 20, 0, 0, 7.0, 0, 0),
(630, 16, 14, 0, 22, 0, 0, 7.5, 0, 0),
(631, 16, 16, 0, 22, 0, 0, 7.0, 0, 0),
(632, 16, 18, 0, 22, 0, 0, 7.0, 0, 0),
(633, 16, 20, 0, 22, 0, 0, 7.0, 0, 0),
(634, 16, 21, 0, 22, 0, 0, 7.0, 0, 0),
(635, 16, 23, 0, 24, 0, 0, 7.0, 0, 0),
(636, 16, 24, 0, 21, 0, 0, 7.0, 0, 0),
(637, 16, 25, 0, 24, 0, 0, 7.5, 0, 0),
(638, 16, 26, 0, 20, 0, 0, 7.5, 0, 0),
(639, 16, 39, 0, 22, 0, 0, 7.0, 0, 0),
(640, 16, 41, 0, 23, 0, 0, 7.5, 0, 0),
(641, 16, 43, 0, 23, 0, 0, 7.5, 0, 0),
(642, 16, 47, 0, 23, 0, 0, 7.5, 0, 0),
(643, 29, 60, 0, 12, 0, 0, 6.5, 0, 0),
(644, 29, 61, 0, 11, 0, 0, 6.5, 0, 0),
(645, 29, 55, 0, 14, 0, 0, 6.5, 0, 0),
(646, 30, 55, 0, 14, 0, 0, 7.0, 0, 0),
(647, 30, 60, 0, 10, 0, 0, 6.5, 0, 0),
(648, 30, 61, 0, 15, 0, 0, 7.0, 0, 0);

-- --------------------------------------------------------

--
-- Structure de la table `users`
--

CREATE TABLE `users` (
  `id` int(11) NOT NULL,
  `nom` varchar(100) NOT NULL,
  `email` varchar(150) NOT NULL,
  `photo_profil` varchar(255) DEFAULT NULL,
  `password_hash` varchar(255) DEFAULT NULL,
  `role` enum('staff','player','fan') NOT NULL DEFAULT 'fan',
  `derniere_activite` datetime DEFAULT NULL,
  `created_at` datetime NOT NULL DEFAULT current_timestamp(),
  `google_id` varchar(255) DEFAULT NULL
) ENGINE=InnoDB DEFAULT CHARSET=utf8mb4 COLLATE=utf8mb4_unicode_ci;

--
-- Déchargement des données de la table `users`
--

INSERT INTO `users` (`id`, `nom`, `email`, `photo_profil`, `password_hash`, `role`, `derniere_activite`, `created_at`, `google_id`) VALUES
(1, 'Admin Staff', 'admin@test.com', NULL, '$2y$10$fWDi.94oMN7VLRBjJYtcEuj/frzwXEuzfmKoCtFprtdLKhE1/tY6i', 'staff', NULL, '2026-01-01 00:00:00', NULL),
(2, 'Erling Haaland', 'user@test.com', NULL, '$2y$10$yzdhjRL0qMXlqlzV1nbiy.44hhCaK1cRGsBNoreaC5VdVDSlMQi5K', 'player', NULL, '2026-01-01 00:00:00', NULL),
(3, 'Fan Cityzen', 'visiteur@test.com', NULL, '$2y$10$44OXrShqAsXcwRwJb/OHB.oGct2QuEkWk1Cn83.U.8QEvLRkqZa6u', 'fan', NULL, '2026-01-01 00:00:00', NULL),
(4, 'Adam', 'compteproadam.bellanger@gmail.com', NULL, '$2y$10$BshdV0IZZThRFyPT6HQoHurDv8XgogpycYNDrKukU/p1bCK3vTX/S', 'fan', '2026-03-12 15:38:29', '2026-03-09 09:24:02', '102966968366365245990'),
(5, 'Guardiola', 'pep.guardiola@coach.manchestercity.com', 'uploads/avatars/avatar_5_1773141129.png', '$2y$10$j6TZle.AmclLfIrbW51/suWICE9wXC0f8n9mZTh9IncFEfb8Vs4lC', 'staff', '2026-03-12 15:40:47', '2026-03-09 09:26:23', NULL),
(10, 'Rayan Cherki', 'rayan.cherki@joueur.manchestercity.com', NULL, '$2y$10$8xwwgjgqUTTnfMa9fb7iHu5zl.NhOG5u9TxUYk8iN8brR2oJmp2Wu', 'player', '2026-03-12 12:01:01', '2026-03-12 11:56:54', NULL);

--
-- Index pour les tables déchargées
--

--
-- Index pour la table `matchs`
--
ALTER TABLE `matchs`
  ADD PRIMARY KEY (`id`);

--
-- Index pour la table `players`
--
ALTER TABLE `players`
  ADD PRIMARY KEY (`id`),
  ADD KEY `user_id` (`user_id`);

--
-- Index pour la table `player_match_stats`
--
ALTER TABLE `player_match_stats`
  ADD PRIMARY KEY (`id`),
  ADD KEY `fk_pms_player` (`player_id`),
  ADD KEY `fk_pms_match` (`match_id`);

--
-- Index pour la table `users`
--
ALTER TABLE `users`
  ADD PRIMARY KEY (`id`),
  ADD UNIQUE KEY `email` (`email`),
  ADD UNIQUE KEY `google_id` (`google_id`);

--
-- AUTO_INCREMENT pour les tables déchargées
--

--
-- AUTO_INCREMENT pour la table `matchs`
--
ALTER TABLE `matchs`
  MODIFY `id` int(11) NOT NULL AUTO_INCREMENT, AUTO_INCREMENT=66;

--
-- AUTO_INCREMENT pour la table `players`
--
ALTER TABLE `players`
  MODIFY `id` int(11) NOT NULL AUTO_INCREMENT, AUTO_INCREMENT=32;

--
-- AUTO_INCREMENT pour la table `player_match_stats`
--
ALTER TABLE `player_match_stats`
  MODIFY `id` int(11) NOT NULL AUTO_INCREMENT, AUTO_INCREMENT=649;

--
-- AUTO_INCREMENT pour la table `users`
--
ALTER TABLE `users`
  MODIFY `id` int(11) NOT NULL AUTO_INCREMENT, AUTO_INCREMENT=11;

--
-- Contraintes pour les tables déchargées
--

--
-- Contraintes pour la table `players`
--
ALTER TABLE `players`
  ADD CONSTRAINT `fk_players_user` FOREIGN KEY (`user_id`) REFERENCES `users` (`id`) ON DELETE SET NULL;

--
-- Contraintes pour la table `player_match_stats`
--
ALTER TABLE `player_match_stats`
  ADD CONSTRAINT `fk_pms_match` FOREIGN KEY (`match_id`) REFERENCES `matchs` (`id`) ON DELETE CASCADE,
  ADD CONSTRAINT `fk_pms_player` FOREIGN KEY (`player_id`) REFERENCES `players` (`id`) ON DELETE CASCADE;
COMMIT;

/*!40101 SET CHARACTER_SET_CLIENT=@OLD_CHARACTER_SET_CLIENT */;
/*!40101 SET CHARACTER_SET_RESULTS=@OLD_CHARACTER_SET_RESULTS */;
/*!40101 SET COLLATION_CONNECTION=@OLD_COLLATION_CONNECTION */;
